{
  "version": "1.0",
  "job": {
    "job_id": "245e88f31f"
  },
  "spec": {
    "method": "PMT",
    "target_temp_C": 180.0,
    "hold_time_s": 600,
    "sensor_uncertainty_C": 2.0
  },
  "data_requirements": {
    "max_sample_period_s": 30.0,
    "allowed_gaps_s": 60.0
  },
  "sensor_selection": {
    "mode": "min_of_set",
    "sensors": [
      "pmt_sensor_1",
      "pmt_sensor_2"
    ],
    "require_at_least": 1
  },
  "logic": {
    "continuous": true,
    "max_total_dips_s": 0
  },
  "preconditions": {
    "max_ramp_rate_C_per_min": 15.0,
    "max_time_to_threshold_s": 900
  },
  "reporting": {
    "units": "C",
    "language": "en",
    "timezone": "UTC"
  }
}